{"model_input_shape":[1,3,48,48],"_timestamp":1.750147450203674e+09,"_runtime":1.175840724,"_step":0,"_wandb":{"runtime":2},"model_total_params":2215586,"model_trainable_params":2215586}