{"_step":0,"model_total_params":826482,"model_trainable_params":826482,"_wandb":{"runtime":3},"model_input_shape":[1,3,48,48],"_timestamp":1.7501314957063859e+09,"_runtime":0.75031134}