{"model_total_params":826482,"model_trainable_params":826482,"_wandb":{"runtime":9},"model_input_shape":[1,3,48,48],"_timestamp":1.7501319113704667e+09,"_runtime":0.722514701,"_step":0}